{
    "version": "1.9.0",
    "timestamp": 1733678919320,
    "player": {
        "uuid": "bb12bb7d-88f1-4ed7-9fe0-51975535bf65",
        "name": "Python",
        "balance": 10000,
        "creationDate": "2024-11-12T16:46:36.350Z",
        "timePlayedSeconds": 32,
        "visitedSystemHistory": [
            { "starSectorX": 1, "starSectorY": 1, "starSectorZ": 0, "localX": 0.06908151068216262, "localY": 0.2013149646582617, "localZ": 0.3978719603726044 },
            { "starSectorX": 0, "starSectorY": 0, "starSectorZ": 1, "localX": -0.11491669137725452, "localY": -0.2196060063874377, "localZ": 0.15638085159304593 }
        ],
        "visitedObjectsHistory": { "notInEncyclopaedia": [], "inEncyclopaedia": [] },
        "currentItinerary": [],
        "systemBookmarks": [],
        "currentMissions": [],
        "completedMissions": [],
        "spaceShips": [{ "name": "Wanderer", "type": 0, "fuelTanks": [{ "currentFuel": 100.00000708292926, "maxFuel": 100 }], "fuelScoop": { "fuelPerSecond": 2.5 } }],
        "tutorials": { "stationLandingCompleted": false, "fuelScoopingCompleted": false }
    },
    "universeCoordinates": {
        "universeObjectId": {
            "objectType": 1,
            "objectIndex": 0,
            "starSystemCoordinates": {
                "starSectorX": 0,
                "starSectorY": 0,
                "starSectorZ": 1,
                "localX": -0.3591535053491376,
                "localY": 0.22225331036478901,
                "localZ": -0.07379512236164654
            }
        },
        "positionX": -45440683.42029338,
        "positionY": -164.35259050399384,
        "positionZ": 35873422.43842684,
        "rotationQuaternionX": 0.4183342720579332,
        "rotationQuaternionY": -0.7979131190503576,
        "rotationQuaternionZ": -0.1580073129357904,
        "rotationQuaternionW": -0.4041840917400649
    }
}
