{"version":"1.9.0","player":{"name":"Python","balance":10000,"creationDate":"2024-11-12T16:46:36.350Z","visitedSystemHistory":[],"currentItinerary":[],"systemBookmarks":[],"currentMissions":[],"completedMissions":[],"spaceShips":[{"name":"Wanderer","type":0,"fuelTanks":[{"currentFuel":100.00000183064276,"maxFuel":100}],"fuelScoop":{"fuelPerSecond":2.5}}]},"universeCoordinates":{"universeObjectId":{"objectType":1,"objectIndex":0,"starSystemCoordinates":{"starSectorX":0,"starSectorY":0,"starSectorZ":1,"localX":-0.3591535053491376,"localY":0.22225331036478901,"localZ":-0.07379512236164654}},"positionX":-45440688.479417756,"positionY":-160.91033904659142,"positionZ":35873431.454506785,"rotationQuaternionX":-0.07515465047599175,"rotationQuaternionY":0.5610345445775522,"rotationQuaternionZ":-0.7949747433310023,"rotationQuaternionW":0.21819069247061315}}