{"timestamp":1742149971302,"player":{"uuid":"tutorialSave","name":"Python","balance":10000,"creationDate":"2024-11-12T16:46:36.350Z","timePlayedSeconds":116,"visitedSystemHistory":[{"starSectorX":1,"starSectorY":1,"starSectorZ":0,"localX":0.06908151068216262,"localY":0.2013149646582617,"localZ":0.3978719603726044},{"starSectorX":0,"starSectorY":0,"starSectorZ":1,"localX":-0.11491669137725452,"localY":-0.2196060063874377,"localZ":0.15638085159304593},{"starSectorX":0,"starSectorY":0,"starSectorZ":1,"localX":-0.3591535053491376,"localY":0.22225331036478901,"localZ":-0.07379512236164654},{"starSectorX":0,"starSectorY":0,"starSectorZ":0,"localX":-0.1980424619736348,"localY":-0.11183447093322618,"localZ":-0.20050806724490045}],"discoveries":{"local":[],"uploaded":[]},"currentItinerary":[],"systemBookmarks":[],"currentMissions":[],"completedMissions":[],"spaceShips":[{"id":"db36c1bf-7434-4af2-b09a-e5c122c2dcf5","name":"Wanderer","type":0,"fuelTanks":[{"currentFuel":100.00000708292926,"maxFuel":100}],"fuelScoop":{"fuelPerSecond":2.5}}],"tutorials":{"stationLandingCompleted":false,"fuelScoopingCompleted":false}},"playerLocation":{"type":"inSpaceship","shipId":"db36c1bf-7434-4af2-b09a-e5c122c2dcf5"},"shipLocations":{"db36c1bf-7434-4af2-b09a-e5c122c2dcf5":{"type":"relative","universeObjectId":{"systemCoordinates":{"starSectorX":0,"starSectorY":0,"starSectorZ":1,"localX":-0.3591535053491376,"localY":0.22225331036478901,"localZ":-0.07379512236164654},"idInSystem":"[[]->Nu Camelopardalis A]->Nu Camelopardalis I"},"position":{"x":-26886543.67955732,"y":-148.79987638320517,"z":-41789388.413729414},"rotation":{"x":0.568107403195995,"y":-0.7930294573963033,"z":0.2192053325879656,"w":-0.017529992944107647}}}}