{"version":"1.9.0","timestamp":1742070078543,"player":{"uuid":"tutorialSave","name":"Python","balance":10000,"creationDate":"2024-11-12T16:46:36.350Z","timePlayedSeconds":74,"visitedSystemHistory":[{"starSectorX":1,"starSectorY":1,"starSectorZ":0,"localX":0.06908151068216262,"localY":0.2013149646582617,"localZ":0.3978719603726044},{"starSectorX":0,"starSectorY":0,"starSectorZ":1,"localX":-0.11491669137725452,"localY":-0.2196060063874377,"localZ":0.15638085159304593},{"starSectorX":0,"starSectorY":0,"starSectorZ":1,"localX":-0.3591535053491376,"localY":0.22225331036478901,"localZ":-0.07379512236164654}],"discoveries":{"local":[],"uploaded":[]},"currentItinerary":[],"systemBookmarks":[],"currentMissions":[],"completedMissions":[],"spaceShips":[{"id":"db36c1bf-7434-4af2-b09a-e5c122c2dcf5","name":"Wanderer","type":0,"fuelTanks":[{"currentFuel":100.00000708292926,"maxFuel":100}],"fuelScoop":{"fuelPerSecond":2.5}}],"tutorials":{"stationLandingCompleted":false,"fuelScoopingCompleted":false}},"universeCoordinates":{"universeObjectId":{"objectType":1,"objectIndex":0,"starSystemCoordinates":{"starSectorX":0,"starSectorY":0,"starSectorZ":1,"localX":-0.3591535053491376,"localY":0.22225331036478901,"localZ":-0.07379512236164654}},"positionX":-37968691.74125261,"positionY":540.8682350404559,"positionZ":30374208.167980224,"rotationQuaternionX":-0.3343267085043157,"rotationQuaternionY":-0.6118332568786427,"rotationQuaternionZ":0.6035426912516828,"rotationQuaternionW":-0.3868099493099118}}