{
    "version": "1.9.0",
    "player": {
        "name": "Python",
        "balance": 10000,
        "creationDate": "2024-11-12T16:46:36.350Z",
        "visitedSystemHistory": [
            { "starSectorX": 1, "starSectorY": 1, "starSectorZ": 0, "localX": 0.06908151068216262, "localY": 0.2013149646582617, "localZ": 0.3978719603726044 }
        ],
        "currentItinerary": [],
        "systemBookmarks": [],
        "currentMissions": [],
        "completedMissions": [],
        "spaceShips": [{ "name": "Wanderer", "type": 0, "fuelTanks": [{ "currentFuel": 100.00000366129066, "maxFuel": 100 }], "fuelScoop": { "fuelPerSecond": 2.5 } }]
    },
    "universeCoordinates": {
        "universeObjectId": {
            "objectType": 1,
            "objectIndex": 0,
            "starSystemCoordinates": {
                "starSectorX": 0,
                "starSectorY": 0,
                "starSectorZ": 1,
                "localX": -0.3591535053491376,
                "localY": 0.22225331036478901,
                "localZ": -0.07379512236164654
            }
        },
        "positionX": -45440690.60027747,
        "positionY": -160.31639319179195,
        "positionZ": 35873420.66436148,
        "rotationQuaternionX": -0.17576600568641543,
        "rotationQuaternionY": -0.03317930495382446,
        "rotationQuaternionZ": 0.9793590346912577,
        "rotationQuaternionW": 0.09413460696446621
    }
}
