{"timestamp":1746350207037,"player":{"uuid":"00000000-0000-0000-0000-000000000000","name":"Python","balance":10000,"creationDate":"2025-03-07T09:48:44.326Z","timePlayedSeconds":871,"visitedSystemHistory":[{"starSectorX":0,"starSectorY":0,"starSectorZ":1,"localX":-0.4489430822194289,"localY":0.18747587394317422,"localZ":-0.31726073698013124},{"starSectorX":0,"starSectorY":0,"starSectorZ":0,"localX":-0.1980424619736348,"localY":-0.11183447093322618,"localZ":-0.20050806724490045},{"starSectorX":0,"starSectorY":0,"starSectorZ":1,"localX":-0.3591535053491376,"localY":0.22225331036478901,"localZ":-0.07379512236164654},{"starSectorX":0,"starSectorY":0,"starSectorZ":1,"localX":-0.3591535053491376,"localY":0.22225331036478901,"localZ":-0.07379512236164654}],"discoveries":{"local":[],"uploaded":[]},"currentItinerary":[],"systemBookmarks":[],"currentMissions":[],"completedMissions":[],"spaceShips":[{"id":"109e8fd9-7582-44f2-ba31-4019996849a6","name":"Wanderer","type":"WANDERER","components":{"primary":{"warpDrive":{"type":"warpDrive","size":3,"quality":1},"fuelTank":{"type":"fuelTank","size":2,"quality":1,"currentFuel01":1},"thrusters":{"type":"thrusters","size":3,"quality":1}},"optional":[{"type":"fuelScoop","size":2,"quality":1},null,null]}}],"spareSpaceshipComponents":[],"tutorials":{"flightCompleted":false,"stationLandingCompleted":false,"starMapCompleted":false,"fuelScoopingCompleted":false}},"playerLocation":{"type":"inSpaceship","shipId":"109e8fd9-7582-44f2-ba31-4019996849a6"},"shipLocations":{"109e8fd9-7582-44f2-ba31-4019996849a6":{"type":"relative","universeObjectId":{"systemCoordinates":{"starSectorX":0,"starSectorY":0,"starSectorZ":0,"localX":-0.1980424619736348,"localY":-0.11183447093322618,"localZ":-0.20050806724490045},"idInSystem":"[[[]->star0]->gasPlanet2]->spaceStation0"},"position":{"x":-31.7948781292356,"y":23776.794755394567,"z":-593.1514563596492},"rotation":{"x":0.23748468457812308,"y":0.6830126727000226,"z":-0.6629404143797889,"w":0.1939193462995527}}}}