{"timestamp":1742149805169,"player":{"uuid":"35adbde8-0e25-477a-b430-8047402c605f","name":"Python","balance":10000,"creationDate":"2025-03-07T09:48:44.326Z","timePlayedSeconds":757,"visitedSystemHistory":[{"starSectorX":0,"starSectorY":0,"starSectorZ":1,"localX":-0.4489430822194289,"localY":0.18747587394317422,"localZ":-0.31726073698013124},{"starSectorX":0,"starSectorY":0,"starSectorZ":0,"localX":-0.1980424619736348,"localY":-0.11183447093322618,"localZ":-0.20050806724490045}],"discoveries":{"local":[],"uploaded":[]},"currentItinerary":[],"systemBookmarks":[],"currentMissions":[],"completedMissions":[],"spaceShips":[{"id":"20281da2-ef18-4a2f-8399-3bda6800836f","name":"Wanderer","type":0,"fuelTanks":[{"currentFuel":99.99999999991114,"maxFuel":100}],"fuelScoop":{"fuelPerSecond":2.5}}],"tutorials":{"stationLandingCompleted":false,"fuelScoopingCompleted":false}},"playerLocation":{"type":"inSpaceship","shipId":"20281da2-ef18-4a2f-8399-3bda6800836f"},"shipLocations":{"20281da2-ef18-4a2f-8399-3bda6800836f":{"type":"relative","universeObjectId":{"systemCoordinates":{"starSectorX":0,"starSectorY":0,"starSectorZ":0,"localX":-0.1980424619736348,"localY":-0.11183447093322618,"localZ":-0.20050806724490045},"idInSystem":"[[[]->Alpha Newtonis A]->Alpha Newtonis III]->Clark Orbital"},"position":{"x":4928.081369945323,"y":36136.07592584485,"z":-1415.1087287502712},"rotation":{"x":0.5361449386470745,"y":0.35462669342009767,"z":-0.4973213471928627,"w":0.5826319417386799}}}}