{"version":"1.9.0","player":{"name":"Python","balance":10000,"creationDate":"2024-11-12T16:46:36.350Z","visitedSystemHistory":[],"currentItinerary":[],"systemBookmarks":[],"currentMissions":[],"completedMissions":[],"spaceShips":[{"name":"Wanderer","type":0,"fuelTanks":[{"currentFuel":100.00000183064287,"maxFuel":100}],"fuelScoop":{"fuelPerSecond":2.5}}]},"universeCoordinates":{"universeObjectId":{"objectType":3,"objectIndex":0,"starSystemCoordinates":{"starSectorX":0,"starSectorY":0,"starSectorZ":1,"localX":-0.3591535053491376,"localY":0.22225331036478901,"localZ":-0.07379512236164654}},"positionX":100797.17027141886,"positionY":203085.23602411937,"positionZ":-20558.016899423033,"rotationQuaternionX":-0.15154063700879553,"rotationQuaternionY":0.013640490652128245,"rotationQuaternionZ":-0.5509610407643013,"rotationQuaternionW":0.8205432906922245}}