{"timestamp":1742837511584,"player":{"uuid":"00000000-0000-0000-0000-000000000000","name":"Python","balance":10000,"creationDate":"2025-03-07T09:48:44.326Z","timePlayedSeconds":774,"visitedSystemHistory":[{"starSectorX":0,"starSectorY":0,"starSectorZ":1,"localX":-0.4489430822194289,"localY":0.18747587394317422,"localZ":-0.31726073698013124},{"starSectorX":0,"starSectorY":0,"starSectorZ":0,"localX":-0.1980424619736348,"localY":-0.11183447093322618,"localZ":-0.20050806724490045},{"starSectorX":0,"starSectorY":0,"starSectorZ":1,"localX":-0.3591535053491376,"localY":0.22225331036478901,"localZ":-0.07379512236164654}],"discoveries":{"local":[],"uploaded":[]},"currentItinerary":[],"systemBookmarks":[],"currentMissions":[],"completedMissions":[],"spaceShips":[{"id":"109e8fd9-7582-44f2-ba31-4019996849a6","name":"Wanderer","type":"WANDERER","components":{"primary":{"warpDrive":{"type":"warpDrive","size":3,"quality":1},"fuelTank":{"type":"fuelTank","size":2,"quality":1,"currentFuel01":1},"thrusters":{"type":"thrusters","size":3,"quality":1}},"optional":[{"type":"fuelScoop","size":2,"quality":1},null,null]}}],"tutorials":{"stationLandingCompleted":false,"fuelScoopingCompleted":false}},"playerLocation":{"type":"inSpaceship","shipId":"109e8fd9-7582-44f2-ba31-4019996849a6"},"shipLocations":{"109e8fd9-7582-44f2-ba31-4019996849a6":{"type":"relative","universeObjectId":{"systemCoordinates":{"starSectorX":0,"starSectorY":0,"starSectorZ":0,"localX":-0.1980424619736348,"localY":-0.11183447093322618,"localZ":-0.20050806724490045},"idInSystem":"[[[]->Alpha Newtonis A]->Alpha Newtonis III]->Clark Orbital"},"position":{"x":4928.081356348794,"y":36136.07582683588,"z":-1415.1087248325346},"rotation":{"x":0.5407773564289134,"y":-0.43435519740999856,"z":0.38128349499065606,"w":0.6111614549043477}}}}