{
    "version": "1.9.0",
    "timestamp": 1733679083383,
    "player": {
        "uuid": "00000000-0000-0000-0000-000000000000",
        "name": "Python",
        "balance": 10000,
        "creationDate": "2024-12-01T12:03:23.833Z",
        "timePlayedSeconds": 121,
        "visitedSystemHistory": [
            { "starSectorX": 0, "starSectorY": 0, "starSectorZ": 1, "localX": -0.11491669137725452, "localY": -0.2196060063874377, "localZ": 0.15638085159304593 },
            { "starSectorX": 0, "starSectorY": 0, "starSectorZ": 0, "localX": 0.49137314641446483, "localY": 0.48043087077347135, "localZ": 0.38353311777279386 },
            { "starSectorX": 0, "starSectorY": 0, "starSectorZ": 1, "localX": -0.4489430822194289, "localY": 0.18747587394317422, "localZ": -0.31726073698013124 }
        ],
        "visitedObjectsHistory": { "notInEncyclopaedia": [], "inEncyclopaedia": [] },
        "currentItinerary": [],
        "systemBookmarks": [],
        "currentMissions": [],
        "completedMissions": [],
        "spaceShips": [{ "name": "Wanderer", "type": 0, "fuelTanks": [{ "currentFuel": 71.12352206846107, "maxFuel": 100 }], "fuelScoop": { "fuelPerSecond": 2.5 } }],
        "tutorials": { "stationLandingCompleted": false, "fuelScoopingCompleted": false }
    },
    "universeCoordinates": {
        "universeObjectId": {
            "objectType": 0,
            "objectIndex": 0,
            "starSystemCoordinates": {
                "starSectorX": 0,
                "starSectorY": 0,
                "starSectorZ": 1,
                "localX": -0.2501476173056977,
                "localY": 0.34461041625803823,
                "localZ": -0.27272668516856
            }
        },
        "positionX": -53784194.02346471,
        "positionY": -213266167.3266881,
        "positionZ": -161351632.49182948,
        "rotationQuaternionX": -0.4247393446090243,
        "rotationQuaternionY": 0.14441864847433636,
        "rotationQuaternionZ": 0.07534108357881214,
        "rotationQuaternionW": 0.8905411078719189
    }
}
