{"timestamp":1742488258883,"player":{"uuid":"00000000-0000-0000-0000-000000000000","name":"Python","balance":10000,"creationDate":"2024-12-01T12:03:23.833Z","timePlayedSeconds":162,"visitedSystemHistory":[{"starSectorX":0,"starSectorY":0,"starSectorZ":1,"localX":-0.11491669137725452,"localY":-0.2196060063874377,"localZ":0.15638085159304593},{"starSectorX":0,"starSectorY":0,"starSectorZ":0,"localX":0.49137314641446483,"localY":0.48043087077347135,"localZ":0.38353311777279386},{"starSectorX":0,"starSectorY":0,"starSectorZ":1,"localX":-0.4489430822194289,"localY":0.18747587394317422,"localZ":-0.31726073698013124},{"localX":0.49137314641446483,"localY":0.48043087077347135,"localZ":0.38353311777279386,"starSectorX":0,"starSectorY":0,"starSectorZ":0}],"discoveries":{"local":[],"uploaded":[]},"currentItinerary":[],"systemBookmarks":[],"currentMissions":[],"completedMissions":[],"spaceShips":[{"id":"c29b00d4-b1be-4472-8df3-83ff859a06f5","name":"Wanderer","type":0,"fuelTanks":[{"currentFuel":71.12352206846107,"maxFuel":100}],"fuelScoop":{"fuelPerSecond":2.5}}],"tutorials":{"stationLandingCompleted":false,"fuelScoopingCompleted":false}},"playerLocation":{"type":"inSpaceship","shipId":"c29b00d4-b1be-4472-8df3-83ff859a06f5"},"shipLocations":{"c29b00d4-b1be-4472-8df3-83ff859a06f5":{"type":"relative","universeObjectId":{"systemCoordinates":{"starSectorX":0,"starSectorY":0,"starSectorZ":1,"localX":-0.2501476173056977,"localY":0.34461041625803823,"localZ":-0.27272668516856},"idInSystem":"[]->Mu Azophi A"},"position":{"x":0,"y":0,"z":-204830121.8257823},"rotation":{"x":0.04791669004858142,"y":0.020034530804990347,"z":-0.01584706452752222,"w":0.9985246509642843}}}}