{
    "version": "1.9.0",
    "timestamp": 1733055280137,
    "player": {
        "uuid": "09ee3f04-92a0-4e88-986e-5c36d1ec2ef2",
        "name": "Python",
        "balance": 10000,
        "creationDate": "2024-12-01T12:03:23.833Z",
        "timePlayedSeconds": 111,
        "visitedSystemHistory": [
            { "starSectorX": 0, "starSectorY": 0, "starSectorZ": 1, "localX": -0.11491669137725452, "localY": -0.2196060063874377, "localZ": 0.15638085159304593 },
            { "starSectorX": 0, "starSectorY": 0, "starSectorZ": 0, "localX": 0.49137314641446483, "localY": 0.48043087077347135, "localZ": 0.38353311777279386 }
        ],
        "currentItinerary": [],
        "systemBookmarks": [],
        "currentMissions": [],
        "completedMissions": [],
        "spaceShips": [{ "name": "Wanderer", "type": 0, "fuelTanks": [{ "currentFuel": 71.1235186468221, "maxFuel": 100 }], "fuelScoop": { "fuelPerSecond": 2.5 } }],
        "tutorials": { "stationLandingCompleted": false }
    },
    "universeCoordinates": {
        "universeObjectId": {
            "objectType": 0,
            "objectIndex": 0,
            "starSystemCoordinates": {
                "starSectorX": 0,
                "starSectorY": 0,
                "starSectorZ": 1,
                "localX": -0.2501476173056977,
                "localY": 0.34461041625803823,
                "localZ": -0.27272668516856
            }
        },
        "positionX": -53811360.15080929,
        "positionY": -213266173.5483473,
        "positionZ": -161342573.80665463,
        "rotationQuaternionX": -0.34599998551437294,
        "rotationQuaternionY": 0.15194569872662686,
        "rotationQuaternionZ": 0.08161448501772328,
        "rotationQuaternionW": 0.922244864491297
    }
}
